{
  "name": "Assassin",
  "stats": [
    {
      "name": "Agility",
      "base": 10,
      "growth_rate": 2.00
    },
    {
      "name": "dexterity",
      "base": 10,
      "growth_rate": 1.60
    },
    {
      "name": "focus",
      "base": 10,
      "growth_rate": 0.60
    },
    {
      "name": "intelligence",
      "base": 10,
      "growth_rate": 0.50
    },
    {
      "name": "luck",
      "base": 5,
      "growth_rate": 0.03
    },
    {
      "name": "strength",
      "base": 10,
      "growth_rate": 1.30
    },
    {
      "name": "technique",
      "base": 10,
      "growth_rate": 1.60
    },
    {
      "name": "vitality",
      "base": 10,
      "growth_rate": 0.85
    },
    {
      "name": "wisdom",
      "base": 10,
      "growth_rate": 0.50
    }
  ],
  "abilities": [
    {
      "name": "Attack",
      "description": "A basic single-target attack.",
      "physical_damage": 1,
      "magic_damage": 0,
      "attack_bonus": 0.0,
      "magic_bonus": 0.0,
      "defense_bonus": 0.0,
      "mind_bonus": 0.0,
      "agility_bonus": 0.0,
      "accuracy_bonus": 0.0,
      "element": 7,
      "mp_cost": 0,
      "sp_cost": 0,
      "targets": 1,
      "level_req": 0,
      "friendly": false,
      "stun": false,
      "execute": false,
      "restore": false
    },
    {
      "name": "Hamstring",
      "description": "A quick attack which reduces the target's agility.",
      "physical_damage": 0.5,
      "magic_damage": 0,
      "attack_bonus": 0.0,
      "magic_bonus": 0.0,
      "defense_bonus": 0.0,
      "mind_bonus": 0.0,
      "agility_bonus": 0.2,
      "accuracy_bonus": 0.0,
      "element": 7,
      "mp_cost": 0,
      "sp_cost": 15,
      "targets": 1,
      "level_req": 2,
      "friendly": false,
      "stun": false,
      "execute": false,
      "restore": false
    },
    {
      "name": "Ambush",
      "description": "A heavy strike dealing 150% base damage with increased accuracy",
      "physical_damage": 1.5,
      "magic_damage": 0,
      "attack_bonus": 0.0,
      "magic_bonus": 0.0,
      "defense_bonus": 0.0,
      "mind_bonus": 0.0,
      "agility_bonus": 0.0,
      "accuracy_bonus": 0.0,
      "element": 7,
      "mp_cost": 0,
      "sp_cost": 15,
      "targets": 1,
      "level_req": 2,
      "friendly": false,
      "stun": false,
      "execute": false,
      "restore": false
    },
    {
      "name": "Assassinate",
      "description": "Deals massive damage to a low-health target.",
      "physical_damage": 0.8,
      "magic_damage": 0,
      "attack_bonus": 0.0,
      "magic_bonus": 0.0,
      "defense_bonus": 0.0,
      "mind_bonus": 0.0,
      "agility_bonus": 0.0,
      "accuracy_bonus": 0.0,
      "element": 7,
      "mp_cost": 0,
      "sp_cost": 30,
      "targets": 3,
      "level_req": 5,
      "friendly": false,
      "stun": false,
      "execute": true,
      "restore": false
    }
  ],
  "affinities": [
    {
      "id": 0,
      "value": 1.00
    },
    {
      "id": 1,
      "value": 1.00
    },
    {
      "id": 2,
      "value": 0.70
    },
    {
      "id": 3,
      "value": 1.00
    },
    {
      "id": 4,
      "value": 1.00
    },
    {
      "id": 5,
      "value": 0.75
    },
    {
      "id": 6,
      "value": 1.25
    },
    {
      "id": 7,
      "value": 1.0
    }
  ]
}
