{
  "name": "Brawler",
  "stats": [
    {
      "name": "Agility",
      "base": 10,
      "growth_rate": 1.70
    },
    {
      "name": "dexterity",
      "base": 10,
      "growth_rate": 1.20
    },
    {
      "name": "focus",
      "base": 10,
      "growth_rate": 0.50
    },
    {
      "name": "intelligence",
      "base": 10,
      "growth_rate": 0.60
    },
    {
      "name": "luck",
      "base": 8,
      "growth_rate": 0.00
    },
    {
      "name": "strength",
      "base": 10,
      "growth_rate": 1.55
    },
    {
      "name": "technique",
      "base": 10,
      "growth_rate": 0.80
    },
    {
      "name": "vitality",
      "base": 10,
      "growth_rate": 1.80
    },
    {
      "name": "wisdom",
      "base": 10,
      "growth_rate": 0.60
    }
  ],
  "abilities": [
    {
      "name": "Attack",
      "description": "A basic single-target attack.",
      "physical_damage": 1,
      "magic_damage": 0,
      "attack_bonus": 0.0,
      "magic_bonus": 0.0,
      "defense_bonus": 0.0,
      "mind_bonus": 0.0,
      "agility_bonus": 0.0,
      "accuracy_bonus": 0.0,
      "element": 7,
      "mp_cost": 0,
      "sp_cost": 0,
      "targets": 1,
      "level_req": 0,
      "friendly": false,
      "stun": false,
      "execute": false,
      "restore": false
    },
    {
      "name": "Bash",
      "description": "A heavy strike dealing 150% base damage with increased accuracy",
      "base_damage": 1.5,
      "magic_damage": 0,
      "attack_bonus": 0.0,
      "magic_bonus": 0.0,
      "defense_bonus": 0.0,
      "mind_bonus": 0.0,
      "agility_bonus": 0.0,
      "accuracy_bonus": 0.3,
      "mp_cost": 0,
      "sp_cost": 10,
      "targets": 1,
      "element": 7,
      "level_req": 2,
      "friendly": false,
      "stun": false,
      "execute": false,
      "restore": false
    },
    {
      "name": "Barrage",
      "description": "A basic multi-target attack. Strikes up to three targets.",
      "base_damage": 0.8,
      "magic_damage": 0,
      "attack_bonus": 0.0,
      "magic_bonus": 0.0,
      "defense_bonus": 0.0,
      "mind_bonus": 0.0,
      "agility_bonus": 0.0,
      "accuracy_bonus": 0.0,
      "mp_cost": 0,
      "sp_cost": 30,
      "targets": 3,
      "element": 7,
      "level_req": 3,
      "friendly": false,
      "stun": false,
      "execute": false,
      "restore": false
    }
  ],
  "affinities": [
    {
      "id": 0,
      "value": 1.125
    },
    {
      "id": 1,
      "value": 0.875
    },
    {
      "id": 2,
      "value": 1.125
    },
    {
      "id": 3,
      "value": 0.875
    },
    {
      "id": 4,
      "value": 1.00
    },
    {
      "id": 5,
      "value": 1.00
    },
    {
      "id": 6,
      "value": 1.00
    },
    {
      "id": 7,
      "value": 1.00
    }
  ]
}
