{
  "name": "Magic Swordsman",
  "stats": [
    {
      "name": "Agility",
      "base": 10,
      "growth_rate": 1.40
    },
    {
      "name": "dexterity",
      "base": 10,
      "growth_rate": 1.00
    },
    {
      "name": "focus",
      "base": 10,
      "growth_rate": 1.00
    },
    {
      "name": "intelligence",
      "base": 10,
      "growth_rate": 1.40
    },
    {
      "name": "luck",
      "base": 10,
      "growth_rate": 0
    },
    {
      "name": "strength",
      "base": 10,
      "growth_rate": 1.40
    },
    {
      "name": "technique",
      "base": 10,
      "growth_rate": 1.00
    },
    {
      "name": "vitality",
      "base": 10,
      "growth_rate": 1.15
    },
    {
      "name": "wisdom",
      "base": 10,
      "growth_rate": 1.00
    }
  ],
  "abilities": [
    {
      "name": "Attack",
      "description": "A basic single-target attack.",
      "physical_damage": 1,
      "magic_damage": 0,
      "attack_bonus": 0.0,
      "magic_bonus": 0.0,
      "defense_bonus": 0.0,
      "mind_bonus": 0.0,
      "agility_bonus": 0.0,
      "accuracy_bonus": 0.0,
      "element": 7,
      "mp_cost": 0,
      "sp_cost": 0,
      "targets": 1,
      "level_req": 0,
      "friendly": false,
      "stun": false,
      "execute": false,
      "restore": false
    },
    {
      "name": "Elemental Strike",
      "description": "A magic-infused single-target strike.",
      "physical_damage": 1.0,
      "magic_damage": 0.5,
      "attack_bonus": 0.0,
      "magic_bonus": 0.0,
      "defense_bonus": 0.0,
      "mind_bonus": 0.0,
      "agility_bonus": 0.0,
      "accuracy_bonus": 0.0,
      "element": 7,
      "mp_cost": 10,
      "sp_cost": 0,
      "targets": 1,
      "level_req": 2,
      "friendly": false,
      "stun": false,
      "execute": false,
      "restore": false
    },
    {
      "name": "Holy Strike",
      "description": "A strong Holy attribute attack.",
      "physical_damage": 1.2,
      "magic_damage": 1.5,
      "attack_bonus": 0.0,
      "magic_bonus": 0.0,
      "defense_bonus": 0.0,
      "mind_bonus": 0.0,
      "agility_bonus": 0.0,
      "accuracy_bonus": 0.0,
      "element": 5,
      "mp_cost": 50,
      "sp_cost": 10,
      "targets": 1,
      "level_req": 3,
      "friendly": false,
      "stun": false,
      "execute": false,
      "restore": false
    }
  ],
  "affinities": [
    {
      "id": 0,
      "value": 1.00
    },
    {
      "id": 1,
      "value": 1.00
    },
    {
      "id": 2,
      "value": 0.75
    },
    {
      "id": 3,
      "value": 1.00
    },
    {
      "id": 4,
      "value": 1.125
    },
    {
      "id": 5,
      "value": 1.00
    },
    {
      "id": 6,
      "value": 1.00
    },
    {
      "id": 7,
      "value": 1.125
    }
  ]
}
