{
  "name": "Necromancer",
  "stats": [
    {
      "name": "Agility",
      "base": 10,
      "growth_rate": 1.00
    },
    {
      "name": "dexterity",
      "base": 10,
      "growth_rate": 0.90
    },
    {
      "name": "focus",
      "base": 10,
      "growth_rate": 1.50
    },
    {
      "name": "intelligence",
      "base": 10,
      "growth_rate": 1.60
    },
    {
      "name": "luck",
      "base": 9,
      "growth_rate": 0.00
    },
    {
      "name": "strength",
      "base": 10,
      "growth_rate": 0.70
    },
    {
      "name": "technique",
      "base": 10,
      "growth_rate": 1.30
    },
    {
      "name": "vitality",
      "base": 10,
      "growth_rate": 1.00
    },
    {
      "name": "wisdom",
      "base": 10,
      "growth_rate": 1.00
    }
  ],
  "abilities": [
    {
      "name": "Attack",
      "description": "A basic single-target attack.",
      "physical_damage": 1,
      "magic_damage": 0,
      "attack_bonus": 0.0,
      "magic_bonus": 0.0,
      "defense_bonus": 0.0,
      "mind_bonus": 0.0,
      "agility_bonus": 0.0,
      "accuracy_bonus": 0.0,
      "element": 7,
      "mp_cost": 0,
      "sp_cost": 0,
      "targets": 1,
      "level_req": 0,
      "friendly": false,
      "stun": false,
      "execute": false,
      "restore": false
    },
    {
      "name": "Debilitate",
      "description": "Reduce a target's Defense.",
      "physical_damage": 0,
      "magic_damage": 0,
      "attack_bonus": 0.0,
      "magic_bonus": 0.0,
      "defense_bonus": 0.3,
      "mind_bonus": 0.0,
      "agility_bonus": 0.0,
      "accuracy_bonus": 0.0,
      "element": 6,
      "mp_cost": 5,
      "sp_cost": 0,
      "targets": 1,
      "level_req": 2,
      "friendly": false,
      "stun": false,
      "execute": false,
      "restore": false
    },
    {
      "name": "Enfeeble",
      "description": "A curse all your enemies as you attack reducing their attack.",
      "physical_damage": 0.0,
      "magic_damage": 0.3,
      "attack_bonus": 0.5,
      "magic_bonus": 0.0,
      "defense_bonus": 0.0,
      "mind_bonus": 0.0,
      "agility_bonus": 0.0,
      "accuracy_bonus": 0.0,
      "element": 6,
      "mp_cost": 0,
      "sp_cost": 30,
      "targets": 4,
      "level_req": 5,
      "friendly": false,
      "stun": false,
      "execute": false,
      "restore": false
    }
  ],
  "affinities": [
    {
      "id": 0,
      "value": 1.00
    },
    {
      "id": 1,
      "value": 1.00
    },
    {
      "id": 2,
      "value": 1.00
    },
    {
      "id": 3,
      "value": 1.00
    },
    {
      "id": 4,
      "value": 1.00
    },
    {
      "id": 5,
      "value": 0.75
    },
    {
      "id": 6,
      "value": 1.25
    },
    {
      "id": 7,
      "value": 1.00
    }
  ]
}
