{
  "name": "Guardian",
  "stats": [
    {
      "name": "Agility",
      "base": 10,
      "growth_rate": 1.00
    },
    {
      "name": "dexterity",
      "base": 10,
      "growth_rate": 0.80
    },
    {
      "name": "focus",
      "base": 10,
      "growth_rate": 1.20
    },
    {
      "name": "intelligence",
      "base": 10,
      "growth_rate": 1.50
    },
    {
      "name": "luck",
      "base": 13,
      "growth_rate": 0.00
    },
    {
      "name": "strength",
      "base": 10,
      "growth_rate": 0.50
    },
    {
      "name": "technique",
      "base": 10,
      "growth_rate": 1.30
    },
    {
      "name": "vitality",
      "base": 10,
      "growth_rate": 1.00
    },
    {
      "name": "wisdom",
      "base": 10,
      "growth_rate": 2.00
    }
  ],
  "abilities": [
    {
      "name": "Attack",
      "description": "A basic single-target attack.",
      "physical_damage": 1,
      "magic_damage": 0,
      "attack_bonus": 0.0,
      "magic_bonus": 0.0,
      "defense_bonus": 0.0,
      "mind_bonus": 0.0,
      "agility_bonus": 0.0,
      "accuracy_bonus": 0.0,
      "element": 7,
      "mp_cost": 0,
      "sp_cost": 0,
      "targets": 1,
      "level_req": 0,
      "friendly": false,
      "stun": false,
      "execute": false,
      "restore": false
    },
    {
      "name": "Heal",
      "description": "Heal a target a medium amount.",
      "physical_damage": 0,
      "magic_damage": 0.8,
      "attack_bonus": 0.0,
      "magic_bonus": 0.0,
      "defense_bonus": 0.0,
      "mind_bonus": 0.0,
      "agility_bonus": 0.0,
      "accuracy_bonus": 0.0,
      "element": 5,
      "mp_cost": 10,
      "sp_cost": 0,
      "targets": 1,
      "level_req": 1,
      "friendly": true,
      "stun": false,
      "execute": false,
      "restore": false
    },
    {
      "name": "Dispell",
      "description": "Removes all buffs/debuffs",
      "physical_damage": 0.0,
      "magic_damage": 0.0,
      "attack_bonus": 0.0,
      "magic_bonus": 0.0,
      "defense_bonus": 0.0,
      "mind_bonus": 0.0,
      "agility_bonus": 0.0,
      "accuracy_bonus": 0.0,
      "element": 5,
      "mp_cost": 30,
      "sp_cost": 0,
      "targets": 1,
      "level_req": 2,
      "friendly": true,
      "stun": false,
      "execute": false,
      "restore": true
    }
  ],
  "affinities": [
    {
      "id": 0,
      "value": 1.00
    },
    {
      "id": 1,
      "value": 1.00
    },
    {
      "id": 2,
      "value": 1.00
    },
    {
      "id": 3,
      "value": 1.00
    },
    {
      "id": 4,
      "value": 1.00
    },
    {
      "id": 5,
      "value": 1.50
    },
    {
      "id": 6,
      "value": 0.50
    },
    {
      "id": 7,
      "value": 1.00
    }
  ]
}
