{
  "name": "Scout",
  "stats": [
    {
      "name": "Agility",
      "base": 10,
      "growth_rate": 1.80
    },
    {
      "name": "dexterity",
      "base": 10,
      "growth_rate": 1.30
    },
    {
      "name": "focus",
      "base": 10,
      "growth_rate": 1.30
    },
    {
      "name": "intelligence",
      "base": 10,
      "growth_rate": 1.00
    },
    {
      "name": "luck",
      "base": 15,
      "growth_rate": 0.00
    },
    {
      "name": "strength",
      "base": 10,
      "growth_rate": 1.10
    },
    {
      "name": "technique",
      "base": 10,
      "growth_rate": 1.40
    },
    {
      "name": "vitality",
      "base": 10,
      "growth_rate": 1.00
    },
    {
      "name": "wisdom",
      "base": 10,
      "growth_rate": 0.70
    }
  ],
  "abilities": [
    {
      "name": "Attack",
      "description": "A basic single-target attack.",
      "physical_damage": 1,
      "magic_damage": 0,
      "attack_bonus": 0.0,
      "magic_bonus": 0.0,
      "defense_bonus": 0.0,
      "mind_bonus": 0.0,
      "agility_bonus": 0.0,
      "accuracy_bonus": 0.0,
      "element": 7,
      "mp_cost": 0,
      "sp_cost": 0,
      "targets": 1,
      "level_req": 0,
      "friendly": false,
      "stun": false,
      "execute": false,
      "restore": false
    },
    {
      "name": "Cripple",
      "description": "A fast strike which reduces a targets agility.",
      "physical_damage": 0.7,
      "magic_damage": 0,
      "attack_bonus": 0.0,
      "magic_bonus": 0.0,
      "defense_bonus": 0.0,
      "mind_bonus": 0.0,
      "agility_bonus": -0.3,
      "accuracy_bonus": -0.1,
      "element": 7,
      "mp_cost": 0,
      "sp_cost": 15,
      "targets": 1,
      "level_req": 2,
      "friendly": false,
      "stun": false,
      "execute": false,
      "restore": false
    },
    {
      "name": "Bombard",
      "description": "Throw a small explosive to deal medium mixed fire damage to all targets.",
      "physical_damage": 0.5,
      "magic_damage": 0.5,
      "attack_bonus": 0.0,
      "magic_bonus": 0.0,
      "defense_bonus": 0.0,
      "mind_bonus": 0.0,
      "agility_bonus": 0.0,
      "accuracy_bonus": 0.0,
      "element": 0,
      "mp_cost": 0,
      "sp_cost": 30,
      "targets": 4,
      "level_req": 5,
      "friendly": false,
      "stun": false,
      "execute": false,
      "restore": false
    }
  ],
  "affinities": [
    {
      "id": 0,
      "value": 1.125
    },
    {
      "id": 1,
      "value": 1.00
    },
    {
      "id": 2,
      "value": 1.00
    },
    {
      "id": 3,
      "value": 1.00
    },
    {
      "id": 4,
      "value": 1.00
    },
    {
      "id": 5,
      "value": 1.00
    },
    {
      "id": 6,
      "value": 1.00
    },
    {
      "id": 7,
      "value": 1.00
    }
  ]
}
