{
  "name": "Wizard",
  "stats": [
    {
      "name": "Agility",
      "base": 10,
      "growth_rate": 0.90
    },
    {
      "name": "dexterity",
      "base": 10,
      "growth_rate": 0.80
    },
    {
      "name": "focus",
      "base": 10,
      "growth_rate": 1.20
    },
    {
      "name": "intelligence",
      "base": 10,
      "growth_rate": 2.00
    },
    {
      "name": "luck",
      "base": 10,
      "growth_rate": 0.00
    },
    {
      "name": "strength",
      "base": 10,
      "growth_rate": 0.70
    },
    {
      "name": "technique",
      "base": 10,
      "growth_rate": 1.20
    },
    {
      "name": "vitality",
      "base": 10,
      "growth_rate": 0.70
    },
    {
      "name": "wisdom",
      "base": 10,
      "growth_rate": 1.10
    }
  ],
  "abilities": [
    {
      "name": "Attack",
      "description": "A basic single-target attack.",
      "physical_damage": 1.0,
      "magic_damage": 0.0,
      "attack_bonus": 0.0,
      "magic_bonus": 0.0,
      "defense_bonus": 0.0,
      "mind_bonus": 0.0,
      "agility_bonus": 0.0,
      "accuracy_bonus": 0.0,
      "element": 7,
      "mp_cost": 0,
      "sp_cost": 0,
      "targets": 1,
      "level_req": 0,
      "friendly": false,
      "stun": false,
      "execute": false,
      "restore": false
    },
    {
      "name": "Fire Strike",
      "description": "A basic single-target fire spell.",
      "physical_damage": 0.0,
      "magic_damage": 1.0,
      "attack_bonus": 0.0,
      "magic_bonus": 0.0,
      "defense_bonus": 0.0,
      "mind_bonus": 0.0,
      "agility_bonus": 0.0,
      "accuracy_bonus": 0.0,
      "element": 0,
      "mp_cost": 5,
      "sp_cost": 0,
      "targets": 1,
      "level_req": 2,
      "friendly": false,
      "stun": false,
      "execute": false,
      "restore": false
    },
    {
      "name": "Water Strike",
      "description": "A basic single-target water spell.",
      "physical_damage": 0.0,
      "magic_damage": 1.0,
      "attack_bonus": 0.0,
      "magic_bonus": 0.0,
      "defense_bonus": 0.0,
      "mind_bonus": 0.0,
      "agility_bonus": 0.0,
      "accuracy_bonus": 0.0,
      "element": 3,
      "mp_cost": 5,
      "sp_cost": 0,
      "targets": 1,
      "level_req": 2,
      "friendly": false,
      "stun": false,
      "execute": false,
      "restore": false
    },
    {
      "name": "Wind Strike",
      "description": "A basic single-target wind spell.",
      "physical_damage": 0.0,
      "magic_damage": 1.0,
      "attack_bonus": 0.0,
      "magic_bonus": 0.0,
      "defense_bonus": 0.0,
      "mind_bonus": 0.0,
      "agility_bonus": 0.0,
      "accuracy_bonus": 0.0,
      "element": 1,
      "mp_cost": 5,
      "sp_cost": 0,
      "targets": 1,
      "level_req": 2,
      "friendly": false,
      "stun": false,
      "execute": false,
      "restore": false
    },
    {
      "name": "Earth Strike",
      "description": "A basic single-target earth spell.",
      "physical_damage": 0.0,
      "magic_damage": 1.0,
      "attack_bonus": 0.0,
      "magic_bonus": 0.0,
      "defense_bonus": 0.0,
      "mind_bonus": 0.0,
      "agility_bonus": 0.0,
      "accuracy_bonus": 0.0,
      "element": 2,
      "mp_cost": 5,
      "sp_cost": 0,
      "targets": 1,
      "level_req": 2,
      "friendly": false,
      "stun": false,
      "execute": false,
      "restore": false
    },
    {
      "name": "Lightning Strike",
      "description": "A basic single-target lightning spell. Stuns.",
      "physical_damage": 0.0,
      "magic_damage": 1.0,
      "attack_bonus": 0.0,
      "magic_bonus": 0.0,
      "defense_bonus": 0.0,
      "mind_bonus": 0.0,
      "agility_bonus": 0.0,
      "accuracy_bonus": 0.0,
      "element": 4,
      "mp_cost": 7,
      "sp_cost": 0,
      "targets": 1,
      "level_req": 3,
      "friendly": false,
      "stun": true,
      "execute": false,
      "restore": false
    },
    {
      "name": "Fire Blast",
      "description": "A basic multi-target fire spell.",
      "physical_damage": 0,
      "magic_damage": 0.6,
      "attack_bonus": 0.0,
      "magic_bonus": 0.0,
      "defense_bonus": 0.0,
      "mind_bonus": 0.0,
      "agility_bonus": 0.0,
      "accuracy_bonus": 0.0,
      "element": 0,
      "mp_cost": 7,
      "sp_cost": 0,
      "targets": 4,
      "level_req": 5,
      "friendly": false,
      "stun": false,
      "execute": false,
      "restore": false
    },
    {
      "name": "Water Blast",
      "description": "A basic multi-target water spell.",
      "physical_damage": 0,
      "magic_damage": 0.6,
      "attack_bonus": 0.0,
      "magic_bonus": 0.0,
      "defense_bonus": 0.0,
      "mind_bonus": 0.0,
      "agility_bonus": 0.0,
      "accuracy_bonus": 0.0,
      "element": 3,
      "mp_cost": 7,
      "sp_cost": 0,
      "targets": 4,
      "level_req": 5,
      "friendly": false,
      "stun": false,
      "execute": false,
      "restore": false
    },
    {
      "name": "Wind Blast",
      "description": "A basic multi-target wind spell.",
      "physical_damage": 0,
      "magic_damage": 0.6,
      "attack_bonus": 0.0,
      "magic_bonus": 0.0,
      "defense_bonus": 0.0,
      "mind_bonus": 0.0,
      "agility_bonus": 0.0,
      "accuracy_bonus": 0.0,
      "element": 1,
      "mp_cost": 7,
      "sp_cost": 0,
      "targets": 4,
      "level_req": 5,
      "friendly": false,
      "stun": false,
      "execute": false,
      "restore": false
    },
    {
      "name": "Earth Blast",
      "description": "A basic multi-target earth spell.",
      "physical_damage": 0,
      "magic_damage": 0.6,
      "attack_bonus": 0.0,
      "magic_bonus": 0.0,
      "defense_bonus": 0.0,
      "mind_bonus": 0.0,
      "agility_bonus": 0.0,
      "accuracy_bonus": 0.0,
      "element": 2,
      "mp_cost": 7,
      "sp_cost": 0,
      "targets": 4,
      "level_req": 5,
      "friendly": false,
      "stun": false,
      "execute": false,
      "restore": false
    },
    {
      "name": "Lightning Storm",
      "description": "Deal massive lightning damage to all enemies. Stuns.",
      "physical_damage": 0.0,
      "magic_damage": 2.0,
      "attack_bonus": 0.0,
      "magic_bonus": 0.0,
      "defense_bonus": 0.0,
      "mind_bonus": 0.0,
      "agility_bonus": 0.0,
      "accuracy_bonus": 0.0,
      "element": 4,
      "mp_cost": 500,
      "sp_cost": 50,
      "targets": 4,
      "level_req": 5,
      "friendly": false,
      "stun": true,
      "execute": false,
      "restore": false
    }
  ],
  "affinities": [
    {
      "id": 0,
      "value": 1.125
    },
    {
      "id": 1,
      "value": 1.125
    },
    {
      "id": 2,
      "value": 1.125
    },
    {
      "id": 3,
      "value": 1.125
    },
    {
      "id": 4,
      "value": 1.125
    },
    {
      "id": 5,
      "value": 1.125
    },
    {
      "id": 6,
      "value": 1.125
    },
    {
      "id": 7,
      "value": 0.01
    }
  ]
}
