<?xml version="1.0" encoding="UTF-8"?>
<DEFECTS>
  <DEFECT>
    <SFA>
      <FILEPATH>c:\dev\foreverlost\finalproject\finalproject\src\characterclasses\abilities\</FILEPATH>
      <FILENAME>ability.cpp</FILENAME>
      <LINE>5</LINE>
      <COLUMN>9</COLUMN>
    </SFA>
    <DEFECTCODE>26495</DEFECTCODE>
    <DESCRIPTION>Variable 'Ability::m_usable' is uninitialized. Always initialize a member variable (type.6).</DESCRIPTION>
    <FUNCTION>Ability::{ctor}</FUNCTION>
    <DECORATED>??0Ability@@QAE@ABV?$basic_string@DU?$char_traits@D@std@@V?$allocator@D@2@@std@@0ABM1111111ABW4Elemental_Stats_ID@@HHHH_N333@Z</DECORATED>
    <FUNCLINE>5</FUNCLINE>
    <PATH></PATH>
  </DEFECT>
</DEFECTS>