<?xml version="1.0" encoding="UTF-8"?>
<DEFECTS>
  <DEFECT>
    <SFA>
      <FILEPATH>c:\dev\foreverlost\finalproject\finalproject\src\</FILEPATH>
      <FILENAME>battle.cpp</FILENAME>
      <LINE>13</LINE>
      <COLUMN>8</COLUMN>
    </SFA>
    <DEFECTCODE>26495</DEFECTCODE>
    <DESCRIPTION>Variable 'Battle::m_friendly_target' is uninitialized. Always initialize a member variable (type.6).</DESCRIPTION>
    <FUNCTION>Battle::{ctor}</FUNCTION>
    <DECORATED>??0Battle@@QAE@V?$vector@PAVCharacter@@V?$allocator@PAVCharacter@@@std@@@std@@0@Z</DECORATED>
    <FUNCLINE>13</FUNCLINE>
    <PATH></PATH>
  </DEFECT>
</DEFECTS>