<?xml version="1.0" encoding="UTF-8"?>
<DEFECTS>
  <DEFECT>
    <SFA>
      <FILEPATH>c:\dev\foreverlost\finalproject\finalproject\src\</FILEPATH>
      <FILENAME>character.cpp</FILENAME>
      <LINE>22</LINE>
      <COLUMN>11</COLUMN>
    </SFA>
    <DEFECTCODE>26495</DEFECTCODE>
    <DESCRIPTION>Variable 'Character::m_level' is uninitialized. Always initialize a member variable (type.6).</DESCRIPTION>
    <FUNCTION>Character::{ctor}</FUNCTION>
    <DECORATED>??0Character@@QAE@ABV?$basic_string@DU?$char_traits@D@std@@V?$allocator@D@2@@std@@ABH_N@Z</DECORATED>
    <FUNCLINE>22</FUNCLINE>
    <PATH></PATH>
  </DEFECT>
</DEFECTS>