<?xml version="1.0" encoding="UTF-8"?>
<DEFECTS>
  <DEFECT>
    <SFA>
      <FILEPATH>c:\dev\foreverlost\finalproject\finalproject\src\</FILEPATH>
      <FILENAME>classstatistics.cpp</FILENAME>
      <LINE>291</LINE>
      <COLUMN>17</COLUMN>
    </SFA>
    <DEFECTCODE>26495</DEFECTCODE>
    <DESCRIPTION>Variable 'ClassStatistics::m_low_level_stats' is uninitialized. Always initialize a member variable (type.6).</DESCRIPTION>
    <FUNCTION>ClassStatistics::{ctor}</FUNCTION>
    <DECORATED>??0ClassStatistics@@QAE@XZ</DECORATED>
    <FUNCLINE>291</FUNCLINE>
    <PATH></PATH>
  </DEFECT>
  <DEFECT>
    <SFA>
      <FILEPATH>c:\dev\foreverlost\finalproject\finalproject\src\</FILEPATH>
      <FILENAME>classstatistics.cpp</FILENAME>
      <LINE>291</LINE>
      <COLUMN>17</COLUMN>
    </SFA>
    <DEFECTCODE>26495</DEFECTCODE>
    <DESCRIPTION>Variable 'ClassStatistics::m_elemental_stats' is uninitialized. Always initialize a member variable (type.6).</DESCRIPTION>
    <FUNCTION>ClassStatistics::{ctor}</FUNCTION>
    <DECORATED>??0ClassStatistics@@QAE@XZ</DECORATED>
    <FUNCLINE>291</FUNCLINE>
    <PATH></PATH>
  </DEFECT>
  <DEFECT>
    <SFA>
      <FILEPATH>c:\dev\foreverlost\finalproject\finalproject\src\</FILEPATH>
      <FILENAME>classstatistics.cpp</FILENAME>
      <LINE>291</LINE>
      <COLUMN>17</COLUMN>
    </SFA>
    <DEFECTCODE>26495</DEFECTCODE>
    <DESCRIPTION>Variable 'ClassStatistics::m_high_level_stats' is uninitialized. Always initialize a member variable (type.6).</DESCRIPTION>
    <FUNCTION>ClassStatistics::{ctor}</FUNCTION>
    <DECORATED>??0ClassStatistics@@QAE@XZ</DECORATED>
    <FUNCLINE>291</FUNCLINE>
    <PATH></PATH>
  </DEFECT>
</DEFECTS>