<?xml version="1.0" encoding="UTF-8"?>
<DEFECTS>
  <DEFECT>
    <SFA>
      <FILEPATH>c:\dev\foreverlost\finalproject\finalproject\include\jsoncpp\json\</FILEPATH>
      <FILENAME>json.h</FILENAME>
      <LINE>1577</LINE>
      <COLUMN>2</COLUMN>
    </SFA>
    <DEFECTCODE>26495</DEFECTCODE>
    <DESCRIPTION>Variable 'Json::Reader::ErrorInfo::token_' is uninitialized. Always initialize a member variable (type.6).</DESCRIPTION>
    <FUNCTION>Json::Reader::ErrorInfo::{ctor}</FUNCTION>
    <DECORATED>??0ErrorInfo@Reader@Json@@QAE@XZ</DECORATED>
    <FUNCLINE>1577</FUNCLINE>
    <PATH></PATH>
  </DEFECT>
  <DEFECT>
    <SFA>
      <FILEPATH>c:\dev\foreverlost\finalproject\finalproject\include\jsoncpp\json\</FILEPATH>
      <FILENAME>json.h</FILENAME>
      <LINE>1577</LINE>
      <COLUMN>2</COLUMN>
    </SFA>
    <DEFECTCODE>26495</DEFECTCODE>
    <DESCRIPTION>Variable 'Json::Reader::ErrorInfo::extra_' is uninitialized. Always initialize a member variable (type.6).</DESCRIPTION>
    <FUNCTION>Json::Reader::ErrorInfo::{ctor}</FUNCTION>
    <DECORATED>??0ErrorInfo@Reader@Json@@QAE@XZ</DECORATED>
    <FUNCLINE>1577</FUNCLINE>
    <PATH></PATH>
  </DEFECT>
  <DEFECT>
    <SFA>
      <FILEPATH>c:\dev\foreverlost\finalproject\finalproject\include\jsoncpp\</FILEPATH>
      <FILENAME>jsoncpp.cpp</FILENAME>
      <LINE>1051</LINE>
      <COLUMN>2</COLUMN>
    </SFA>
    <DEFECTCODE>6053</DEFECTCODE>
    <DESCRIPTION>The prior call to '_snprintf' might not zero-terminate string 'buffer'.</DESCRIPTION>
    <FUNCTION>Json::Reader::getLocationLineAndColumn</FUNCTION>
    <DECORATED>?getLocationLineAndColumn@Reader@Json@@ABE?AV?$basic_string@DU?$char_traits@D@std@@V?$allocator@D@2@@std@@PBD@Z</DECORATED>
    <FUNCLINE>1046</FUNCLINE>
    <PROBABILITY>1</PROBABILITY>
    <RANK>1</RANK>
    <CATEGORY>
      <RULECATEGORY>mspft</RULECATEGORY>
    </CATEGORY>
    <PATH>
      <SFA>
        <FILEPATH>c:\dev\foreverlost\finalproject\finalproject\include\jsoncpp\</FILEPATH>
        <FILENAME>jsoncpp.cpp</FILENAME>
        <LINE>1047</LINE>
        <COLUMN>6</COLUMN>
      </SFA>
      <SFA>
        <FILEPATH>c:\dev\foreverlost\finalproject\finalproject\include\jsoncpp\</FILEPATH>
        <FILENAME>jsoncpp.cpp</FILENAME>
        <LINE>1047</LINE>
        <COLUMN>12</COLUMN>
      </SFA>
      <SFA>
        <FILEPATH>c:\dev\foreverlost\finalproject\finalproject\include\jsoncpp\</FILEPATH>
        <FILENAME>jsoncpp.cpp</FILENAME>
        <LINE>1048</LINE>
        <COLUMN>26</COLUMN>
      </SFA>
      <SFA>
        <FILEPATH>c:\dev\foreverlost\finalproject\finalproject\include\jsoncpp\</FILEPATH>
        <FILENAME>jsoncpp.cpp</FILENAME>
        <LINE>1049</LINE>
        <COLUMN>7</COLUMN>
      </SFA>
      <SFA>
        <FILEPATH>c:\dev\foreverlost\finalproject\finalproject\include\jsoncpp\</FILEPATH>
        <FILENAME>jsoncpp.cpp</FILENAME>
        <LINE>1050</LINE>
        <COLUMN>10</COLUMN>
        <KEYEVENT>
          <ID>1</ID>
          <KIND>declaration</KIND>
          <IMPORTANCE>Essential</IMPORTANCE>
          <MESSAGE>This call to '_snprintf' may not zero-terminate 'buffer'</MESSAGE>
        </KEYEVENT>
      </SFA>
      <SFA>
        <FILEPATH>c:\dev\foreverlost\finalproject\finalproject\include\jsoncpp\</FILEPATH>
        <FILENAME>jsoncpp.cpp</FILENAME>
        <LINE>1051</LINE>
        <COLUMN>2</COLUMN>
        <KEYEVENT>
          <ID>2</ID>
          <KIND>usage</KIND>
          <IMPORTANCE>Full</IMPORTANCE>
          <MESSAGE>'buffer' is an Input to 'std::basic_string&lt;char,std::char_traits&lt;char&gt;,std::allocator&lt;char&gt; &gt;::{ctor}' (declared at s:\program files\visual studio 2017\vc\tools\msvc\14.14.26428\include\xstring:2164)</MESSAGE>
        </KEYEVENT>
      </SFA>
      <SFA>
        <FILEPATH>c:\dev\foreverlost\finalproject\finalproject\include\jsoncpp\</FILEPATH>
        <FILENAME>jsoncpp.cpp</FILENAME>
        <LINE>1051</LINE>
        <COLUMN>2</COLUMN>
        <KEYEVENT>
          <ID>3</ID>
          <KIND>usage</KIND>
          <IMPORTANCE>Essential</IMPORTANCE>
          <MESSAGE>'buffer' is required to be zero-terminated by a SAL annotation on '{ctor}'</MESSAGE>
        </KEYEVENT>
      </SFA>
    </PATH>
  </DEFECT>
  <DEFECT>
    <SFA>
      <FILEPATH>c:\dev\foreverlost\finalproject\finalproject\include\jsoncpp\json\</FILEPATH>
      <FILENAME>json.h</FILENAME>
      <LINE>1433</LINE>
      <COLUMN>2</COLUMN>
    </SFA>
    <DEFECTCODE>26495</DEFECTCODE>
    <DESCRIPTION>Variable 'Json::Reader::StructuredError::offset_start' is uninitialized. Always initialize a member variable (type.6).</DESCRIPTION>
    <FUNCTION>Json::Reader::StructuredError::{ctor}</FUNCTION>
    <DECORATED>??0StructuredError@Reader@Json@@QAE@XZ</DECORATED>
    <FUNCLINE>1433</FUNCLINE>
    <PATH></PATH>
  </DEFECT>
  <DEFECT>
    <SFA>
      <FILEPATH>c:\dev\foreverlost\finalproject\finalproject\include\jsoncpp\json\</FILEPATH>
      <FILENAME>json.h</FILENAME>
      <LINE>1433</LINE>
      <COLUMN>2</COLUMN>
    </SFA>
    <DEFECTCODE>26495</DEFECTCODE>
    <DESCRIPTION>Variable 'Json::Reader::StructuredError::offset_limit' is uninitialized. Always initialize a member variable (type.6).</DESCRIPTION>
    <FUNCTION>Json::Reader::StructuredError::{ctor}</FUNCTION>
    <DECORATED>??0StructuredError@Reader@Json@@QAE@XZ</DECORATED>
    <FUNCLINE>1433</FUNCLINE>
    <PATH></PATH>
  </DEFECT>
  <DEFECT>
    <SFA>
      <FILEPATH>c:\dev\foreverlost\finalproject\finalproject\include\jsoncpp\</FILEPATH>
      <FILENAME>jsoncpp.cpp</FILENAME>
      <LINE>1208</LINE>
      <COLUMN>2</COLUMN>
    </SFA>
    <DEFECTCODE>26495</DEFECTCODE>
    <DESCRIPTION>Variable 'Json::OurReader::ErrorInfo::token_' is uninitialized. Always initialize a member variable (type.6).</DESCRIPTION>
    <FUNCTION>Json::OurReader::ErrorInfo::{ctor}</FUNCTION>
    <DECORATED>??0ErrorInfo@OurReader@Json@@QAE@XZ</DECORATED>
    <FUNCLINE>1208</FUNCLINE>
    <PATH></PATH>
  </DEFECT>
  <DEFECT>
    <SFA>
      <FILEPATH>c:\dev\foreverlost\finalproject\finalproject\include\jsoncpp\</FILEPATH>
      <FILENAME>jsoncpp.cpp</FILENAME>
      <LINE>1208</LINE>
      <COLUMN>2</COLUMN>
    </SFA>
    <DEFECTCODE>26495</DEFECTCODE>
    <DESCRIPTION>Variable 'Json::OurReader::ErrorInfo::extra_' is uninitialized. Always initialize a member variable (type.6).</DESCRIPTION>
    <FUNCTION>Json::OurReader::ErrorInfo::{ctor}</FUNCTION>
    <DECORATED>??0ErrorInfo@OurReader@Json@@QAE@XZ</DECORATED>
    <FUNCLINE>1208</FUNCLINE>
    <PATH></PATH>
  </DEFECT>
  <DEFECT>
    <SFA>
      <FILEPATH>c:\dev\foreverlost\finalproject\finalproject\include\jsoncpp\</FILEPATH>
      <FILENAME>jsoncpp.cpp</FILENAME>
      <LINE>2071</LINE>
      <COLUMN>2</COLUMN>
    </SFA>
    <DEFECTCODE>6053</DEFECTCODE>
    <DESCRIPTION>The prior call to '_snprintf' might not zero-terminate string 'buffer'.</DESCRIPTION>
    <FUNCTION>Json::OurReader::getLocationLineAndColumn</FUNCTION>
    <DECORATED>?getLocationLineAndColumn@OurReader@Json@@ABE?AV?$basic_string@DU?$char_traits@D@std@@V?$allocator@D@2@@std@@PBD@Z</DECORATED>
    <FUNCLINE>2066</FUNCLINE>
    <PROBABILITY>1</PROBABILITY>
    <RANK>1</RANK>
    <CATEGORY>
      <RULECATEGORY>mspft</RULECATEGORY>
    </CATEGORY>
    <PATH>
      <SFA>
        <FILEPATH>c:\dev\foreverlost\finalproject\finalproject\include\jsoncpp\</FILEPATH>
        <FILENAME>jsoncpp.cpp</FILENAME>
        <LINE>2067</LINE>
        <COLUMN>6</COLUMN>
      </SFA>
      <SFA>
        <FILEPATH>c:\dev\foreverlost\finalproject\finalproject\include\jsoncpp\</FILEPATH>
        <FILENAME>jsoncpp.cpp</FILENAME>
        <LINE>2067</LINE>
        <COLUMN>12</COLUMN>
      </SFA>
      <SFA>
        <FILEPATH>c:\dev\foreverlost\finalproject\finalproject\include\jsoncpp\</FILEPATH>
        <FILENAME>jsoncpp.cpp</FILENAME>
        <LINE>2068</LINE>
        <COLUMN>26</COLUMN>
      </SFA>
      <SFA>
        <FILEPATH>c:\dev\foreverlost\finalproject\finalproject\include\jsoncpp\</FILEPATH>
        <FILENAME>jsoncpp.cpp</FILENAME>
        <LINE>2069</LINE>
        <COLUMN>7</COLUMN>
      </SFA>
      <SFA>
        <FILEPATH>c:\dev\foreverlost\finalproject\finalproject\include\jsoncpp\</FILEPATH>
        <FILENAME>jsoncpp.cpp</FILENAME>
        <LINE>2070</LINE>
        <COLUMN>10</COLUMN>
        <KEYEVENT>
          <ID>1</ID>
          <KIND>declaration</KIND>
          <IMPORTANCE>Essential</IMPORTANCE>
          <MESSAGE>This call to '_snprintf' may not zero-terminate 'buffer'</MESSAGE>
        </KEYEVENT>
      </SFA>
      <SFA>
        <FILEPATH>c:\dev\foreverlost\finalproject\finalproject\include\jsoncpp\</FILEPATH>
        <FILENAME>jsoncpp.cpp</FILENAME>
        <LINE>2071</LINE>
        <COLUMN>2</COLUMN>
        <KEYEVENT>
          <ID>2</ID>
          <KIND>usage</KIND>
          <IMPORTANCE>Full</IMPORTANCE>
          <MESSAGE>'buffer' is an Input to 'std::basic_string&lt;char,std::char_traits&lt;char&gt;,std::allocator&lt;char&gt; &gt;::{ctor}' (declared at s:\program files\visual studio 2017\vc\tools\msvc\14.14.26428\include\xstring:2164)</MESSAGE>
        </KEYEVENT>
      </SFA>
      <SFA>
        <FILEPATH>c:\dev\foreverlost\finalproject\finalproject\include\jsoncpp\</FILEPATH>
        <FILENAME>jsoncpp.cpp</FILENAME>
        <LINE>2071</LINE>
        <COLUMN>2</COLUMN>
        <KEYEVENT>
          <ID>3</ID>
          <KIND>usage</KIND>
          <IMPORTANCE>Essential</IMPORTANCE>
          <MESSAGE>'buffer' is required to be zero-terminated by a SAL annotation on '{ctor}'</MESSAGE>
        </KEYEVENT>
      </SFA>
    </PATH>
  </DEFECT>
  <DEFECT>
    <SFA>
      <FILEPATH>c:\dev\foreverlost\finalproject\finalproject\include\jsoncpp\</FILEPATH>
      <FILENAME>jsoncpp.cpp</FILENAME>
      <LINE>1157</LINE>
      <COLUMN>2</COLUMN>
    </SFA>
    <DEFECTCODE>26495</DEFECTCODE>
    <DESCRIPTION>Variable 'Json::OurReader::StructuredError::offset_start' is uninitialized. Always initialize a member variable (type.6).</DESCRIPTION>
    <FUNCTION>Json::OurReader::StructuredError::{ctor}</FUNCTION>
    <DECORATED>??0StructuredError@OurReader@Json@@QAE@XZ</DECORATED>
    <FUNCLINE>1157</FUNCLINE>
    <PATH></PATH>
  </DEFECT>
  <DEFECT>
    <SFA>
      <FILEPATH>c:\dev\foreverlost\finalproject\finalproject\include\jsoncpp\</FILEPATH>
      <FILENAME>jsoncpp.cpp</FILENAME>
      <LINE>1157</LINE>
      <COLUMN>2</COLUMN>
    </SFA>
    <DEFECTCODE>26495</DEFECTCODE>
    <DESCRIPTION>Variable 'Json::OurReader::StructuredError::offset_limit' is uninitialized. Always initialize a member variable (type.6).</DESCRIPTION>
    <FUNCTION>Json::OurReader::StructuredError::{ctor}</FUNCTION>
    <DECORATED>??0StructuredError@OurReader@Json@@QAE@XZ</DECORATED>
    <FUNCLINE>1157</FUNCLINE>
    <PATH></PATH>
  </DEFECT>
  <DEFECT>
    <SFA>
      <FILEPATH>c:\dev\foreverlost\finalproject\finalproject\include\jsoncpp\</FILEPATH>
      <FILENAME>jsoncpp.cpp</FILENAME>
      <LINE>2577</LINE>
      <COLUMN>20</COLUMN>
    </SFA>
    <DEFECTCODE>6386</DEFECTCODE>
    <DESCRIPTION>Buffer overrun while writing to 'newString':  the writable size is 'length+(unsigned int)1' bytes, but 'length' bytes might be written.</DESCRIPTION>
    <FUNCTION>Json::duplicateStringValue</FUNCTION>
    <DECORATED>?duplicateStringValue@Json@@YAPADPBDI@Z</DECORATED>
    <FUNCLINE>2565</FUNCLINE>
    <PROBABILITY>1</PROBABILITY>
    <RANK>4</RANK>
    <CATEGORY>
      <RULECATEGORY>mspft</RULECATEGORY>
    </CATEGORY>
    <PATH>
      <SFA>
        <FILEPATH>c:\dev\foreverlost\finalproject\finalproject\include\jsoncpp\</FILEPATH>
        <FILENAME>jsoncpp.cpp</FILENAME>
        <LINE>2571</LINE>
        <COLUMN>6</COLUMN>
        <KEYEVENT>
          <ID>1</ID>
          <KIND>usage</KIND>
          <IMPORTANCE>Full</IMPORTANCE>
          <MESSAGE>'length' is an Input to 'malloc' (declared at c:\program files (x86)\windows kits\10\include\10.0.17134.0\ucrt\corecrt_malloc.h:97)</MESSAGE>
        </KEYEVENT>
      </SFA>
      <SFA>
        <FILEPATH>c:\dev\foreverlost\finalproject\finalproject\include\jsoncpp\</FILEPATH>
        <FILENAME>jsoncpp.cpp</FILENAME>
        <LINE>2568</LINE>
        <COLUMN>13</COLUMN>
      </SFA>
      <SFA>
        <FILEPATH>c:\dev\foreverlost\finalproject\finalproject\include\jsoncpp\</FILEPATH>
        <FILENAME>jsoncpp.cpp</FILENAME>
        <LINE>2571</LINE>
        <COLUMN>6</COLUMN>
        <KEYEVENT>
          <ID>2</ID>
          <KIND>declaration</KIND>
          <IMPORTANCE>Essential</IMPORTANCE>
          <MESSAGE>'newString' is a 0 byte array</MESSAGE>
        </KEYEVENT>
      </SFA>
      <SFA>
        <FILEPATH>c:\dev\foreverlost\finalproject\finalproject\include\jsoncpp\</FILEPATH>
        <FILENAME>jsoncpp.cpp</FILENAME>
        <LINE>2572</LINE>
        <COLUMN>16</COLUMN>
        <KEYEVENT>
          <ID>3</ID>
          <KIND>branch</KIND>
          <IMPORTANCE>Full</IMPORTANCE>
          <MESSAGE>Skip this branch, (assume 'newString==0' is false)</MESSAGE>
        </KEYEVENT>
      </SFA>
      <SFA>
        <FILEPATH>c:\dev\foreverlost\finalproject\finalproject\include\jsoncpp\</FILEPATH>
        <FILENAME>jsoncpp.cpp</FILENAME>
        <LINE>2576</LINE>
        <COLUMN>8</COLUMN>
        <KEYEVENT>
          <ID>4</ID>
          <KIND>usage</KIND>
          <IMPORTANCE>Full</IMPORTANCE>
          <MESSAGE>'length' is an Input to 'memcpy' (declared at s:\program files\visual studio 2017\vc\tools\msvc\14.14.26428\include\vcruntime_string.h:40)</MESSAGE>
        </KEYEVENT>
      </SFA>
      <SFA>
        <FILEPATH>c:\dev\foreverlost\finalproject\finalproject\include\jsoncpp\</FILEPATH>
        <FILENAME>jsoncpp.cpp</FILENAME>
        <LINE>2577</LINE>
        <COLUMN>20</COLUMN>
        <KEYEVENT>
          <ID>5</ID>
          <KIND>usage</KIND>
          <IMPORTANCE>Essential</IMPORTANCE>
          <MESSAGE>Invalid write to 'newString', (outside its writable range)</MESSAGE>
        </KEYEVENT>
      </SFA>
    </PATH>
  </DEFECT>
  <DEFECT>
    <SFA>
      <FILEPATH>c:\dev\foreverlost\finalproject\finalproject\include\jsoncpp\</FILEPATH>
      <FILENAME>jsoncpp.cpp</FILENAME>
      <LINE>2705</LINE>
      <COLUMN>17</COLUMN>
    </SFA>
    <DEFECTCODE>26495</DEFECTCODE>
    <DESCRIPTION>Variable 'Json::Value::CZString::&lt;unnamed-tag&gt;::storage_' is uninitialized. Always initialize a member variable (type.6).</DESCRIPTION>
    <FUNCTION>Json::Value::CZString::{ctor}</FUNCTION>
    <DECORATED>??0CZString@Value@Json@@QAE@I@Z</DECORATED>
    <FUNCLINE>2705</FUNCLINE>
    <PATH></PATH>
  </DEFECT>
  <DEFECT>
    <SFA>
      <FILEPATH>c:\dev\foreverlost\finalproject\finalproject\include\jsoncpp\</FILEPATH>
      <FILENAME>jsoncpp.cpp</FILENAME>
      <LINE>2707</LINE>
      <COLUMN>17</COLUMN>
    </SFA>
    <DEFECTCODE>26495</DEFECTCODE>
    <DESCRIPTION>Variable 'Json::Value::CZString::&lt;unnamed-tag&gt;::index_' is uninitialized. Always initialize a member variable (type.6).</DESCRIPTION>
    <FUNCTION>Json::Value::CZString::{ctor}</FUNCTION>
    <DECORATED>??0CZString@Value@Json@@QAE@PBDIW4DuplicationPolicy@012@@Z</DECORATED>
    <FUNCLINE>2707</FUNCLINE>
    <PATH></PATH>
  </DEFECT>
  <DEFECT>
    <SFA>
      <FILEPATH>c:\dev\foreverlost\finalproject\finalproject\include\jsoncpp\</FILEPATH>
      <FILENAME>jsoncpp.cpp</FILENAME>
      <LINE>2716</LINE>
      <COLUMN>17</COLUMN>
    </SFA>
    <DEFECTCODE>26495</DEFECTCODE>
    <DESCRIPTION>Variable 'Json::Value::CZString::&lt;unnamed-tag&gt;::index_' is uninitialized. Always initialize a member variable (type.6).</DESCRIPTION>
    <FUNCTION>Json::Value::CZString::{ctor}</FUNCTION>
    <DECORATED>??0CZString@Value@Json@@QAE@ABV012@@Z</DECORATED>
    <FUNCLINE>2716</FUNCLINE>
    <PATH></PATH>
  </DEFECT>
  <DEFECT>
    <SFA>
      <FILEPATH>c:\dev\foreverlost\finalproject\finalproject\include\jsoncpp\</FILEPATH>
      <FILENAME>jsoncpp.cpp</FILENAME>
      <LINE>2733</LINE>
      <COLUMN>17</COLUMN>
    </SFA>
    <DEFECTCODE>26495</DEFECTCODE>
    <DESCRIPTION>Variable 'Json::Value::CZString::&lt;unnamed-tag&gt;::storage_' is uninitialized. Always initialize a member variable (type.6).</DESCRIPTION>
    <FUNCTION>Json::Value::CZString::{ctor}</FUNCTION>
    <DECORATED>??0CZString@Value@Json@@QAE@$$QAV012@@Z</DECORATED>
    <FUNCLINE>2733</FUNCLINE>
    <PATH></PATH>
  </DEFECT>
  <DEFECT>
    <SFA>
      <FILEPATH>c:\dev\foreverlost\finalproject\finalproject\include\jsoncpp\</FILEPATH>
      <FILENAME>jsoncpp.cpp</FILENAME>
      <LINE>2821</LINE>
      <COLUMN>7</COLUMN>
    </SFA>
    <DEFECTCODE>26495</DEFECTCODE>
    <DESCRIPTION>Variable 'Json::Value::value_' is uninitialized. Always initialize a member variable (type.6).</DESCRIPTION>
    <FUNCTION>Json::Value::{ctor}</FUNCTION>
    <DECORATED>??0Value@Json@@QAE@W4ValueType@1@@Z</DECORATED>
    <FUNCLINE>2821</FUNCLINE>
    <PATH></PATH>
  </DEFECT>
  <DEFECT>
    <SFA>
      <FILEPATH>c:\dev\foreverlost\finalproject\finalproject\include\jsoncpp\</FILEPATH>
      <FILENAME>jsoncpp.cpp</FILENAME>
      <LINE>2821</LINE>
      <COLUMN>7</COLUMN>
    </SFA>
    <DEFECTCODE>26495</DEFECTCODE>
    <DESCRIPTION>Variable 'Json::Value::allocated_' is uninitialized. Always initialize a member variable (type.6).</DESCRIPTION>
    <FUNCTION>Json::Value::{ctor}</FUNCTION>
    <DECORATED>??0Value@Json@@QAE@W4ValueType@1@@Z</DECORATED>
    <FUNCLINE>2821</FUNCLINE>
    <PATH></PATH>
  </DEFECT>
  <DEFECT>
    <SFA>
      <FILEPATH>c:\dev\foreverlost\finalproject\finalproject\include\jsoncpp\</FILEPATH>
      <FILENAME>jsoncpp.cpp</FILENAME>
      <LINE>2821</LINE>
      <COLUMN>7</COLUMN>
    </SFA>
    <DEFECTCODE>26495</DEFECTCODE>
    <DESCRIPTION>Variable 'Json::Value::type_' is uninitialized. Always initialize a member variable (type.6).</DESCRIPTION>
    <FUNCTION>Json::Value::{ctor}</FUNCTION>
    <DECORATED>??0Value@Json@@QAE@W4ValueType@1@@Z</DECORATED>
    <FUNCLINE>2821</FUNCLINE>
    <PATH></PATH>
  </DEFECT>
  <DEFECT>
    <SFA>
      <FILEPATH>c:\dev\foreverlost\finalproject\finalproject\include\jsoncpp\</FILEPATH>
      <FILENAME>jsoncpp.cpp</FILENAME>
      <LINE>2821</LINE>
      <COLUMN>7</COLUMN>
    </SFA>
    <DEFECTCODE>26495</DEFECTCODE>
    <DESCRIPTION>Variable 'Json::Value::comments_' is uninitialized. Always initialize a member variable (type.6).</DESCRIPTION>
    <FUNCTION>Json::Value::{ctor}</FUNCTION>
    <DECORATED>??0Value@Json@@QAE@W4ValueType@1@@Z</DECORATED>
    <FUNCLINE>2821</FUNCLINE>
    <PATH></PATH>
  </DEFECT>
  <DEFECT>
    <SFA>
      <FILEPATH>c:\dev\foreverlost\finalproject\finalproject\include\jsoncpp\</FILEPATH>
      <FILENAME>jsoncpp.cpp</FILENAME>
      <LINE>2821</LINE>
      <COLUMN>7</COLUMN>
    </SFA>
    <DEFECTCODE>26495</DEFECTCODE>
    <DESCRIPTION>Variable 'Json::Value::start_' is uninitialized. Always initialize a member variable (type.6).</DESCRIPTION>
    <FUNCTION>Json::Value::{ctor}</FUNCTION>
    <DECORATED>??0Value@Json@@QAE@W4ValueType@1@@Z</DECORATED>
    <FUNCLINE>2821</FUNCLINE>
    <PATH></PATH>
  </DEFECT>
  <DEFECT>
    <SFA>
      <FILEPATH>c:\dev\foreverlost\finalproject\finalproject\include\jsoncpp\</FILEPATH>
      <FILENAME>jsoncpp.cpp</FILENAME>
      <LINE>2821</LINE>
      <COLUMN>7</COLUMN>
    </SFA>
    <DEFECTCODE>26495</DEFECTCODE>
    <DESCRIPTION>Variable 'Json::Value::limit_' is uninitialized. Always initialize a member variable (type.6).</DESCRIPTION>
    <FUNCTION>Json::Value::{ctor}</FUNCTION>
    <DECORATED>??0Value@Json@@QAE@W4ValueType@1@@Z</DECORATED>
    <FUNCLINE>2821</FUNCLINE>
    <PATH></PATH>
  </DEFECT>
  <DEFECT>
    <SFA>
      <FILEPATH>c:\dev\foreverlost\finalproject\finalproject\include\jsoncpp\</FILEPATH>
      <FILENAME>jsoncpp.cpp</FILENAME>
      <LINE>2912</LINE>
      <COLUMN>7</COLUMN>
    </SFA>
    <DEFECTCODE>26495</DEFECTCODE>
    <DESCRIPTION>Variable 'Json::Value::value_' is uninitialized. Always initialize a member variable (type.6).</DESCRIPTION>
    <FUNCTION>Json::Value::{ctor}</FUNCTION>
    <DECORATED>??0Value@Json@@QAE@ABV01@@Z</DECORATED>
    <FUNCLINE>2912</FUNCLINE>
    <PATH></PATH>
  </DEFECT>
  <DEFECT>
    <SFA>
      <FILEPATH>c:\dev\foreverlost\finalproject\finalproject\include\jsoncpp\</FILEPATH>
      <FILENAME>jsoncpp.cpp</FILENAME>
      <LINE>2912</LINE>
      <COLUMN>7</COLUMN>
    </SFA>
    <DEFECTCODE>26495</DEFECTCODE>
    <DESCRIPTION>Variable 'Json::Value::allocated_' is uninitialized. Always initialize a member variable (type.6).</DESCRIPTION>
    <FUNCTION>Json::Value::{ctor}</FUNCTION>
    <DECORATED>??0Value@Json@@QAE@ABV01@@Z</DECORATED>
    <FUNCLINE>2912</FUNCLINE>
    <PATH></PATH>
  </DEFECT>
  <DEFECT>
    <SFA>
      <FILEPATH>c:\dev\foreverlost\finalproject\finalproject\include\jsoncpp\</FILEPATH>
      <FILENAME>jsoncpp.cpp</FILENAME>
      <LINE>2912</LINE>
      <COLUMN>7</COLUMN>
    </SFA>
    <DEFECTCODE>26495</DEFECTCODE>
    <DESCRIPTION>Variable 'Json::Value::type_' is uninitialized. Always initialize a member variable (type.6).</DESCRIPTION>
    <FUNCTION>Json::Value::{ctor}</FUNCTION>
    <DECORATED>??0Value@Json@@QAE@ABV01@@Z</DECORATED>
    <FUNCLINE>2912</FUNCLINE>
    <PATH></PATH>
  </DEFECT>
  <DEFECT>
    <SFA>
      <FILEPATH>c:\dev\foreverlost\finalproject\finalproject\include\jsoncpp\</FILEPATH>
      <FILENAME>jsoncpp.cpp</FILENAME>
      <LINE>2912</LINE>
      <COLUMN>7</COLUMN>
    </SFA>
    <DEFECTCODE>26495</DEFECTCODE>
    <DESCRIPTION>Variable 'Json::Value::comments_' is uninitialized. Always initialize a member variable (type.6).</DESCRIPTION>
    <FUNCTION>Json::Value::{ctor}</FUNCTION>
    <DECORATED>??0Value@Json@@QAE@ABV01@@Z</DECORATED>
    <FUNCLINE>2912</FUNCLINE>
    <PATH></PATH>
  </DEFECT>
  <DEFECT>
    <SFA>
      <FILEPATH>c:\dev\foreverlost\finalproject\finalproject\include\jsoncpp\</FILEPATH>
      <FILENAME>jsoncpp.cpp</FILENAME>
      <LINE>2912</LINE>
      <COLUMN>7</COLUMN>
    </SFA>
    <DEFECTCODE>26495</DEFECTCODE>
    <DESCRIPTION>Variable 'Json::Value::start_' is uninitialized. Always initialize a member variable (type.6).</DESCRIPTION>
    <FUNCTION>Json::Value::{ctor}</FUNCTION>
    <DECORATED>??0Value@Json@@QAE@ABV01@@Z</DECORATED>
    <FUNCLINE>2912</FUNCLINE>
    <PATH></PATH>
  </DEFECT>
  <DEFECT>
    <SFA>
      <FILEPATH>c:\dev\foreverlost\finalproject\finalproject\include\jsoncpp\</FILEPATH>
      <FILENAME>jsoncpp.cpp</FILENAME>
      <LINE>2912</LINE>
      <COLUMN>7</COLUMN>
    </SFA>
    <DEFECTCODE>26495</DEFECTCODE>
    <DESCRIPTION>Variable 'Json::Value::limit_' is uninitialized. Always initialize a member variable (type.6).</DESCRIPTION>
    <FUNCTION>Json::Value::{ctor}</FUNCTION>
    <DECORATED>??0Value@Json@@QAE@ABV01@@Z</DECORATED>
    <FUNCLINE>2912</FUNCLINE>
    <PATH></PATH>
  </DEFECT>
  <DEFECT>
    <SFA>
      <FILEPATH>c:\dev\foreverlost\finalproject\finalproject\include\jsoncpp\</FILEPATH>
      <FILENAME>jsoncpp.cpp</FILENAME>
      <LINE>2919</LINE>
      <COLUMN>7</COLUMN>
    </SFA>
    <DEFECTCODE>26495</DEFECTCODE>
    <DESCRIPTION>Variable 'Json::Value::value_' is uninitialized. Always initialize a member variable (type.6).</DESCRIPTION>
    <FUNCTION>Json::Value::{ctor}</FUNCTION>
    <DECORATED>??0Value@Json@@QAE@$$QAV01@@Z</DECORATED>
    <FUNCLINE>2919</FUNCLINE>
    <PATH></PATH>
  </DEFECT>
  <DEFECT>
    <SFA>
      <FILEPATH>c:\dev\foreverlost\finalproject\finalproject\include\jsoncpp\</FILEPATH>
      <FILENAME>jsoncpp.cpp</FILENAME>
      <LINE>2919</LINE>
      <COLUMN>7</COLUMN>
    </SFA>
    <DEFECTCODE>26495</DEFECTCODE>
    <DESCRIPTION>Variable 'Json::Value::allocated_' is uninitialized. Always initialize a member variable (type.6).</DESCRIPTION>
    <FUNCTION>Json::Value::{ctor}</FUNCTION>
    <DECORATED>??0Value@Json@@QAE@$$QAV01@@Z</DECORATED>
    <FUNCLINE>2919</FUNCLINE>
    <PATH></PATH>
  </DEFECT>
  <DEFECT>
    <SFA>
      <FILEPATH>c:\dev\foreverlost\finalproject\finalproject\include\jsoncpp\</FILEPATH>
      <FILENAME>jsoncpp.cpp</FILENAME>
      <LINE>2919</LINE>
      <COLUMN>7</COLUMN>
    </SFA>
    <DEFECTCODE>26495</DEFECTCODE>
    <DESCRIPTION>Variable 'Json::Value::type_' is uninitialized. Always initialize a member variable (type.6).</DESCRIPTION>
    <FUNCTION>Json::Value::{ctor}</FUNCTION>
    <DECORATED>??0Value@Json@@QAE@$$QAV01@@Z</DECORATED>
    <FUNCLINE>2919</FUNCLINE>
    <PATH></PATH>
  </DEFECT>
  <DEFECT>
    <SFA>
      <FILEPATH>c:\dev\foreverlost\finalproject\finalproject\include\jsoncpp\</FILEPATH>
      <FILENAME>jsoncpp.cpp</FILENAME>
      <LINE>2919</LINE>
      <COLUMN>7</COLUMN>
    </SFA>
    <DEFECTCODE>26495</DEFECTCODE>
    <DESCRIPTION>Variable 'Json::Value::comments_' is uninitialized. Always initialize a member variable (type.6).</DESCRIPTION>
    <FUNCTION>Json::Value::{ctor}</FUNCTION>
    <DECORATED>??0Value@Json@@QAE@$$QAV01@@Z</DECORATED>
    <FUNCLINE>2919</FUNCLINE>
    <PATH></PATH>
  </DEFECT>
  <DEFECT>
    <SFA>
      <FILEPATH>c:\dev\foreverlost\finalproject\finalproject\include\jsoncpp\</FILEPATH>
      <FILENAME>jsoncpp.cpp</FILENAME>
      <LINE>2919</LINE>
      <COLUMN>7</COLUMN>
    </SFA>
    <DEFECTCODE>26495</DEFECTCODE>
    <DESCRIPTION>Variable 'Json::Value::start_' is uninitialized. Always initialize a member variable (type.6).</DESCRIPTION>
    <FUNCTION>Json::Value::{ctor}</FUNCTION>
    <DECORATED>??0Value@Json@@QAE@$$QAV01@@Z</DECORATED>
    <FUNCLINE>2919</FUNCLINE>
    <PATH></PATH>
  </DEFECT>
  <DEFECT>
    <SFA>
      <FILEPATH>c:\dev\foreverlost\finalproject\finalproject\include\jsoncpp\</FILEPATH>
      <FILENAME>jsoncpp.cpp</FILENAME>
      <LINE>2919</LINE>
      <COLUMN>7</COLUMN>
    </SFA>
    <DEFECTCODE>26495</DEFECTCODE>
    <DESCRIPTION>Variable 'Json::Value::limit_' is uninitialized. Always initialize a member variable (type.6).</DESCRIPTION>
    <FUNCTION>Json::Value::{ctor}</FUNCTION>
    <DECORATED>??0Value@Json@@QAE@$$QAV01@@Z</DECORATED>
    <FUNCLINE>2919</FUNCLINE>
    <PATH></PATH>
  </DEFECT>
  <DEFECT>
    <SFA>
      <FILEPATH>c:\dev\foreverlost\finalproject\finalproject\include\jsoncpp\</FILEPATH>
      <FILENAME>jsoncpp.cpp</FILENAME>
      <LINE>4268</LINE>
      <COLUMN>51</COLUMN>
    </SFA>
    <DEFECTCODE>26450</DEFECTCODE>
    <DESCRIPTION>Arithmetic overflow: '+' operation causes overflow at compile time. Use a wider type to store the operands (io.1).</DESCRIPTION>
    <FUNCTION>Json::valueToString</FUNCTION>
    <DECORATED>?valueToString@Json@@YA?AV?$basic_string@DU?$char_traits@D@std@@V?$allocator@D@2@@std@@_J@Z</DECORATED>
    <FUNCLINE>4264</FUNCLINE>
    <PATH></PATH>
  </DEFECT>
</DEFECTS>