<?xml version="1.0" encoding="UTF-8"?>
<DEFECTS>
  <DEFECT>
    <SFA>
      <FILEPATH>c:\dev\foreverlost\finalproject\finalproject\src\</FILEPATH>
      <FILENAME>playblecharacter.cpp</FILENAME>
      <LINE>12</LINE>
      <COLUMN>18</COLUMN>
    </SFA>
    <DEFECTCODE>26495</DEFECTCODE>
    <DESCRIPTION>Variable 'PlaybleCharacter::m_exp_required_for_next_level' is uninitialized. Always initialize a member variable (type.6).</DESCRIPTION>
    <FUNCTION>PlaybleCharacter::{ctor}</FUNCTION>
    <DECORATED>??0PlaybleCharacter@@QAE@ABV?$basic_string@DU?$char_traits@D@std@@V?$allocator@D@2@@std@@H@Z</DECORATED>
    <FUNCLINE>12</FUNCLINE>
    <PATH></PATH>
  </DEFECT>
  <DEFECT>
    <SFA>
      <FILEPATH>c:\dev\foreverlost\finalproject\finalproject\src\</FILEPATH>
      <FILENAME>playblecharacter.cpp</FILENAME>
      <LINE>12</LINE>
      <COLUMN>18</COLUMN>
    </SFA>
    <DEFECTCODE>26495</DEFECTCODE>
    <DESCRIPTION>Variable 'PlaybleCharacter::m_experience' is uninitialized. Always initialize a member variable (type.6).</DESCRIPTION>
    <FUNCTION>PlaybleCharacter::{ctor}</FUNCTION>
    <DECORATED>??0PlaybleCharacter@@QAE@ABV?$basic_string@DU?$char_traits@D@std@@V?$allocator@D@2@@std@@H@Z</DECORATED>
    <FUNCLINE>12</FUNCLINE>
    <PATH></PATH>
  </DEFECT>
</DEFECTS>